{
  "0.3": {
    "accuracy": 0.45625,
    "mapping": {
      "2": 0,
      "1": 1,
      "3": 2,
      "4": 3,
      "0": 4,
      "6": 5,
      "5": 6,
      "7": 7
    }
  },
  "0.2": {
    "accuracy": 0.45625,
    "mapping": {
      "1": 0,
      "2": 1,
      "3": 2,
      "4": 3,
      "0": 4,
      "7": 5,
      "5": 6,
      "6": 7
    }
  },
  "0.1": {
    "accuracy": 0.45625,
    "mapping": {
      "1": 0,
      "2": 1,
      "3": 2,
      "4": 3,
      "0": 4,
      "7": 5,
      "5": 6,
      "6": 7
    }
  },
  "0.0": {
    "accuracy": 0.45625,
    "mapping": {
      "1": 0,
      "2": 1,
      "3": 2,
      "4": 3,
      "0": 4,
      "7": 5,
      "5": 6,
      "6": 7
    }
  }
}