{
  "stc": {
    "silhouette": 0.7000075877243741,
    "davies_bouldin": 0.4914597571407881,
    "calinski_harabasz": 3482.4595674622456
  },
  "gmm": {
    "silhouette": 0.533476965108739,
    "davies_bouldin": 0.9114025176538391,
    "calinski_harabasz": 3453.0142650852417
  },
  "improvement": {
    "silhouette_pct": 31.216084949739315,
    "davies_bouldin_pct": 46.076541635421506,
    "calinski_harabasz_pct": 0.8527419847272751
  }
}