{
  "stc": {
    "silhouette": 0.6633638217690194,
    "davies_bouldin": 0.4263133969127383,
    "calinski_harabasz": 3666.3846903644635
  },
  "gmm": {
    "silhouette": 0.533476965108739,
    "davies_bouldin": 0.9114025176538391,
    "calinski_harabasz": 3453.0142650852417
  },
  "improvement": {
    "silhouette_pct": 24.347228681899228,
    "davies_bouldin_pct": 53.22446573768881,
    "calinski_harabasz_pct": 6.179251196170615
  }
}