{
  "model_name": "GMM Temperature Classifier (Dec 30 Data)",
  "n_clusters": 3,
  "n_features": 11,
  "feature_engineering": "simple",
  "train_accuracy": 0.3698863636363636,
  "test_accuracy": 0.37003405221339386,
  "train_precision": 0.13681592200413223,
  "train_recall": 0.3698863636363636,
  "train_f1": 0.19974784133328305,
  "test_precision": 0.1369251997974647,
  "test_recall": 0.37003405221339386,
  "test_f1": 0.1998858343356527,
  "cluster_to_temp_mapping": {
    "0": "NORMAL",
    "1": "NORMAL",
    "2": "NORMAL"
  },
  "training_samples": 3520,
  "test_samples": 881
}