{
  "15-25": {
    "sensor_1": {
      "mean": 145.41322314049586,
      "std": 12.076662434703495,
      "min": 105.0,
      "max": 166.0,
      "median": 148.0,
      "count": 242
    },
    "sensor_2": {
      "mean": 365.8181818181818,
      "std": 20.503779131606105,
      "min": 305.0,
      "max": 431.0,
      "median": 367.0,
      "count": 242
    },
    "sensor_3": {
      "mean": 380.3636363636364,
      "std": 16.973971323156487,
      "min": 314.0,
      "max": 440.0,
      "median": 380.0,
      "count": 242
    },
    "sensor_4": {
      "mean": 377.4834710743802,
      "std": 33.33293322734169,
      "min": 267.0,
      "max": 442.0,
      "median": 385.0,
      "count": 242
    }
  },
  "45-50": {
    "sensor_1": {
      "mean": 136.5186721991701,
      "std": 3.5141480349038825,
      "min": 128.0,
      "max": 149.0,
      "median": 136.0,
      "count": 241
    },
    "sensor_2": {
      "mean": 375.95435684647305,
      "std": 23.400934293979947,
      "min": 279.0,
      "max": 482.0,
      "median": 373.0,
      "count": 241
    },
    "sensor_3": {
      "mean": 369.850622406639,
      "std": 24.462404248240016,
      "min": 259.0,
      "max": 470.0,
      "median": 366.0,
      "count": 241
    },
    "sensor_4": {
      "mean": 385.1286307053942,
      "std": 17.58217369198106,
      "min": 271.0,
      "max": 458.0,
      "median": 385.0,
      "count": 241
    }
  },
  "50-60": {
    "sensor_1": {
      "mean": 139.72623574144487,
      "std": 4.49346334429861,
      "min": 124.0,
      "max": 150.0,
      "median": 140.0,
      "count": 263
    },
    "sensor_2": {
      "mean": 374.75665399239546,
      "std": 33.98660135544546,
      "min": 276.0,
      "max": 723.0,
      "median": 373.0,
      "count": 263
    },
    "sensor_3": {
      "mean": 375.38783269961976,
      "std": 35.41306718207239,
      "min": 273.0,
      "max": 698.0,
      "median": 369.0,
      "count": 263
    },
    "sensor_4": {
      "mean": 387.787072243346,
      "std": 28.397643294121785,
      "min": 292.0,
      "max": 667.0,
      "median": 386.0,
      "count": 263
    }
  },
  "60-70": {
    "sensor_1": {
      "mean": 138.8181818181818,
      "std": 3.1714115531840745,
      "min": 133.0,
      "max": 148.0,
      "median": 138.5,
      "count": 22
    },
    "sensor_2": {
      "mean": 373.1818181818182,
      "std": 13.940250303075503,
      "min": 347.0,
      "max": 407.0,
      "median": 373.0,
      "count": 22
    },
    "sensor_3": {
      "mean": 375.09090909090907,
      "std": 14.462833530086982,
      "min": 357.0,
      "max": 419.0,
      "median": 373.0,
      "count": 22
    },
    "sensor_4": {
      "mean": 388.04545454545456,
      "std": 10.092649317594162,
      "min": 373.0,
      "max": 424.0,
      "median": 387.0,
      "count": 22
    }
  }
}